date,year,week,US,AL,AK,AZ,AR,CA,CO,CT,DE,DC,FL,GA,HI,ID,IL,IN,IA,KS,KY,LA,ME,MD,MA,MI,MN,MS,MO,MT,NE,NV,NH,NJ,NM,NY,NC,ND,OH,OK,OR,PA,RI,SC,SD,TN,TX,UT,VT,VA,WA,WV,WI,WY,PR
2020-08-08,2020,32,0,0,0,0,0,0,0,0,0,0,0,0,0,0,0,0,0,0,0,0,0,0,0,0,0,0,0,0,0,0,0,0,0,0,0,0,0,0,0,0,0,0,0,0,0,0,0,0,0,0,0,0,0
2020-08-15,2020,33,0,0,0,0,0,0,0,0,0,0,0,0,0,0,0,0,0,0,0,0,0,0,0,0,0,0,0,0,0,0,0,0,0,0,0,0,0,0,0,0,0,0,0,0,0,0,0,0,0,0,0,0,0
2020-08-22,2020,34,0,0,0,0,0,0,0,0,0,0,0,0,0,0,0,0,0,0,0,0,0,0,0,0,0,0,0,0,0,0,0,0,0,0,0,0,0,0,0,0,0,0,0,0,0,0,0,0,0,0,0,0,0
2020-08-29,2020,35,0,0,0,0,0,0,0,0,0,0,0,0,0,0,0,0,0,0,0,0,0,0,0,0,0,0,0,0,0,0,0,0,0,0,0,0,0,0,0,0,0,0,0,0,0,0,0,0,0,0,0,0,0
2020-09-05,2020,36,0,0,0,0,0,0,0,0,0,0,0,0,0,0,0,0,0,0,0,0,0,0,0,0,0,0,0,0,0,0,0,0,0,0,0,0,0,0,0,0,0,0,0,0,0,0,0,0,0,0,0,0,0
2020-09-12,2020,37,0,0,0,0,0,0,0,0,0,0,0,0,0,0,0,0,0,0,0,0,0,0,0,0,0,0,0,0,0,0,0,0,0,0,0,0,0,0,0,0,0,0,0,0,0,0,0,0,0,0,0,0,0
2020-09-19,2020,38,0,0,0,0,0,0,0,0,0,0,0,0,0,0,0,0,0,0,0,0,0,0,0,0,0,0,0,0,0,0,0,0,0,0,0,0,0,0,0,0,0,0,0,0,0,0,0,0,0,0,0,0,0
2020-09-26,2020,39,0,0,0,0,0,0,0,0,0,0,0,0,0,0,0,0,0,0,0,0,0,0,0,0,0,0,0,0,0,0,0,0,0,0,0,0,0,0,0,0,0,0,0,0,0,0,0,0,0,0,0,0,0
2020-10-03,2020,40,0,0,0,0,0,0,0,0,0,0,0,0,0,0,0,0,0,0,0,0,0,0,0,0,0,0,0,0,0,0,0,0,0,0,0,0,0,0,0,0,0,0,0,0,0,0,0,0,0,0,0,0,0
2020-10-10,2020,41,0,0,0,0,0,0,0,0,0,0,0,0,0,0,0,0,0,0,0,0,0,0,0,0,0,0,0,0,0,0,0,0,0,0,0,0,0,0,0,0,0,0,0,0,0,0,0,0,0,0,0,0,0
2020-10-17,2020,42,4,0,0,0,0,0,0,0,0,0,0,1,0,0,0,0,0,0,0,0,0,0,0,0,0,0,0,0,0,0,0,0,0,0,0,0,0,0,0,0,0,0,0,0,3,0,0,0,0,0,0,0,0
2020-10-24,2020,43,241,3,0,1,4,9,0,0,0,0,21,8,0,1,1,0,1,6,12,0,0,0,0,7,0,6,8,0,0,5,0,4,1,6,7,2,2,12,0,5,2,1,2,20,66,0,0,0,0,0,0,0,16
2020-10-31,2020,44,472,18,0,2,8,30,0,0,0,1,21,18,0,0,4,0,2,8,7,1,0,1,3,13,0,5,2,1,0,53,0,8,5,12,12,0,1,9,0,7,3,3,0,30,134,1,0,21,0,1,1,1,22
2020-11-07,2020,45,521,21,0,10,14,27,3,0,0,1,30,14,0,0,7,6,9,2,11,5,0,2,6,9,1,13,8,1,2,3,0,4,10,10,8,1,3,9,1,16,2,3,1,28,177,1,0,19,0,2,9,0,11
2020-11-14,2020,46,653,25,0,21,10,41,5,1,0,0,38,34,0,1,3,8,16,3,15,23,0,3,3,11,30,14,11,1,3,1,0,1,7,11,8,7,4,16,0,4,0,2,2,44,171,1,1,22,2,1,4,0,18
2020-11-21,2020,47,608,11,0,17,6,39,5,2,0,0,34,30,0,0,5,8,4,4,11,8,0,4,1,16,8,6,8,1,1,6,1,13,0,19,18,0,2,8,0,6,0,7,1,50,184,0,1,23,2,7,0,0,30
2020-11-28,2020,48,684,17,0,13,13,76,3,0,0,0,46,10,1,0,11,5,9,4,16,7,0,3,1,5,1,12,16,0,0,2,0,4,1,20,19,1,4,11,2,3,0,6,0,38,221,0,0,33,3,4,4,0,37
2020-12-05,2020,49,660,12,2,19,7,47,2,2,0,0,31,13,0,1,6,3,1,7,20,10,0,0,3,8,1,11,15,0,2,10,0,14,0,21,9,4,7,21,0,16,0,8,1,24,247,0,0,27,3,9,0,0,15
2020-12-12,2020,50,643,6,4,33,12,54,5,0,0,0,38,19,0,1,2,6,3,4,12,21,0,0,1,6,0,8,7,0,4,11,0,10,1,31,11,2,6,7,0,11,0,4,2,21,217,4,0,30,3,2,1,0,22
2020-12-19,2020,51,768,35,7,11,12,53,5,3,0,0,34,20,0,2,3,11,4,10,33,17,0,2,3,11,0,11,17,1,4,7,0,14,4,36,8,0,5,23,0,6,0,7,2,23,264,0,0,24,1,5,2,0,28
2020-12-26,2020,52,755,19,1,8,9,70,5,0,0,0,50,21,0,2,3,6,2,1,20,17,0,2,4,10,1,19,10,1,2,3,0,9,2,37,10,2,14,10,0,9,0,10,1,41,265,0,0,39,3,5,2,0,10
2021-01-02,2020,53,743,20,0,44,20,51,0,1,0,0,31,36,0,0,8,4,7,1,5,16,0,4,7,5,0,5,6,0,0,17,1,10,1,21,15,0,21,22,2,14,0,13,0,34,250,1,0,37,0,4,0,0,7
2021-01-09,2021,1,606,33,0,9,20,75,0,1,0,1,40,22,0,2,10,6,2,2,7,4,0,10,3,6,1,28,13,0,2,9,0,11,3,11,12,1,11,20,0,16,0,5,1,26,127,0,0,30,2,6,0,0,16
2021-01-16,2021,2,655,42,0,14,17,45,4,1,3,0,48,40,0,2,4,5,7,9,7,5,0,4,3,6,1,29,8,0,4,13,0,6,3,18,24,2,7,9,0,19,0,5,0,34,124,1,0,49,0,0,1,12,20
2021-01-23,2021,3,716,22,0,3,13,40,5,0,0,1,50,25,0,0,1,8,1,1,3,20,0,3,3,6,0,14,9,0,1,2,1,9,10,19,4,0,6,3,0,21,0,6,0,26,337,0,0,28,0,0,0,0,15
2021-01-30,2021,4,555,46,0,2,21,24,5,0,0,2,41,33,0,0,1,6,3,1,13,20,0,4,0,3,12,14,6,0,1,5,1,9,2,23,10,1,8,9,0,11,0,9,0,39,123,0,0,18,0,0,3,0,26
2021-02-06,2021,5,505,37,0,3,9,18,2,0,0,0,52,16,0,0,8,10,2,0,2,12,0,0,3,2,0,10,7,0,0,2,0,11,4,20,4,0,6,9,0,10,0,4,0,44,146,0,1,27,0,0,5,0,16
2021-02-13,2021,6,463,33,0,3,19,24,1,0,0,0,51,30,0,0,1,8,1,4,2,12,1,1,1,0,0,9,4,0,1,0,1,7,4,13,3,0,9,2,1,18,0,5,2,30,120,0,0,26,1,0,1,0,13
2021-02-20,2021,7,481,29,0,4,16,16,1,0,0,0,42,33,0,0,1,6,4,5,0,7,1,1,3,1,5,15,13,0,5,5,1,9,1,21,8,0,12,9,0,9,0,7,1,29,108,0,0,23,2,0,12,0,16
2021-02-27,2021,8,428,31,0,5,10,22,0,0,0,0,41,18,0,0,2,1,0,0,5,19,0,1,2,4,8,7,15,1,7,6,0,12,1,10,8,0,11,14,1,14,0,9,1,13,79,0,0,27,3,0,2,0,17
2021-03-06,2021,9,438,29,0,15,10,14,8,0,0,0,43,12,0,0,2,3,0,0,15,8,2,1,2,3,18,13,6,0,4,0,0,5,1,14,4,0,12,10,0,5,0,6,0,22,82,0,0,33,5,0,1,0,30
2021-03-13,2021,10,454,23,0,0,21,14,2,0,0,0,25,14,0,1,0,3,2,6,12,11,0,3,5,2,8,18,2,0,5,13,0,10,0,17,5,0,7,3,0,11,0,7,0,32,120,0,0,12,1,1,1,1,36
2021-03-20,2021,11,377,28,0,4,13,10,0,0,0,0,55,39,0,2,0,3,0,0,2,1,1,0,5,0,0,10,2,0,0,2,0,11,1,11,6,0,5,5,0,9,0,3,0,24,50,0,0,25,3,0,2,1,44
2021-03-27,2021,12,368,18,0,3,14,16,1,0,0,0,49,26,0,1,2,8,10,1,1,9,0,1,0,0,0,8,2,0,1,0,0,7,0,13,3,0,6,4,0,10,0,6,0,33,55,1,0,26,1,0,1,3,28
2021-04-03,2021,13,384,11,0,5,11,4,0,0,0,0,56,23,0,0,7,55,3,2,2,5,0,1,3,1,0,6,3,0,4,4,0,7,0,24,1,0,7,16,0,12,0,2,0,25,55,0,1,14,1,0,1,0,12
2021-04-10,2021,14,348,13,0,4,14,7,1,0,0,0,39,8,0,1,7,11,1,6,1,9,0,0,4,5,0,9,4,2,1,3,1,9,2,27,3,1,1,8,0,16,0,1,0,22,61,0,0,18,1,0,0,0,27
2021-04-17,2021,15,370,11,3,4,16,11,0,0,0,0,39,17,0,0,3,11,13,3,3,5,0,1,0,16,0,2,0,0,6,5,1,10,1,21,10,0,9,10,0,12,0,9,1,28,41,0,2,18,0,0,0,0,28
2021-04-24,2021,16,475,32,7,3,18,13,1,0,2,0,49,20,0,0,1,5,2,4,6,16,0,0,1,11,1,10,3,0,5,7,1,10,0,21,57,0,3,5,0,12,0,7,5,22,54,0,0,32,2,1,1,0,25
2021-05-01,2021,17,451,20,7,21,15,8,0,0,0,0,31,14,0,0,3,3,2,4,2,5,0,0,1,3,2,4,7,0,0,13,0,5,0,16,102,0,3,5,1,6,0,4,4,17,50,1,0,22,0,0,4,0,46
2021-05-08,2021,18,342,14,7,2,6,13,0,1,0,0,38,24,0,0,1,2,2,10,3,6,1,1,2,1,1,9,3,0,0,2,3,8,0,12,34,0,1,8,0,19,0,2,3,14,36,0,3,22,2,1,0,1,24
2021-05-15,2021,19,274,19,7,2,6,5,0,0,0,0,35,7,0,0,2,3,0,0,1,4,0,2,0,3,0,12,1,0,0,2,0,15,0,9,15,1,2,9,0,8,0,3,1,24,35,0,0,20,5,2,1,0,13
2021-05-22,2021,20,294,16,7,5,3,13,1,0,0,0,35,16,0,0,3,4,1,2,2,6,0,0,0,0,0,15,2,0,5,0,0,6,1,23,12,0,1,8,0,14,0,8,0,10,41,1,0,13,3,1,0,2,14
2021-05-29,2021,21,247,15,8,0,1,9,1,0,0,0,31,8,0,0,2,3,1,0,7,9,0,0,0,2,0,10,3,0,0,0,0,4,0,15,6,10,3,10,1,21,0,0,2,5,38,0,0,11,0,0,3,0,6
2021-06-05,2021,22,253,18,7,3,7,3,0,0,0,0,23,9,0,0,3,4,0,0,2,17,0,0,0,1,0,11,0,0,0,2,0,2,3,14,1,0,0,9,0,9,0,2,0,34,46,0,0,16,0,0,2,0,5
2021-06-12,2021,23,231,22,7,3,1,3,0,0,0,0,13,9,0,1,1,0,1,0,3,14,0,1,0,0,0,13,0,0,0,3,0,6,2,6,9,0,3,5,0,15,0,0,8,11,39,0,0,13,0,0,1,8,9
2021-06-19,2021,24,214,8,7,3,4,9,0,0,0,0,12,7,0,0,3,2,0,0,4,9,0,2,0,0,1,9,0,1,0,9,0,5,0,2,6,1,3,6,1,11,0,0,4,11,34,0,0,20,0,0,0,4,16
2021-06-26,2021,25,203,7,7,3,4,6,0,0,0,0,20,3,0,1,4,3,0,3,1,8,0,2,1,0,0,8,2,0,0,2,0,5,1,0,6,2,0,7,0,11,0,0,3,10,36,0,0,18,0,0,0,0,19
2021-07-03,2021,26,222,18,7,3,2,5,1,0,0,0,20,8,0,0,4,2,0,2,3,9,0,2,0,0,0,9,1,0,0,1,0,2,0,2,5,1,2,5,1,12,0,0,2,8,54,1,0,12,0,0,0,0,18
2021-07-10,2021,27,243,7,7,2,1,8,0,0,0,1,22,4,1,0,5,4,0,0,0,19,0,0,0,0,0,1,3,0,0,2,0,4,0,1,4,4,0,6,1,9,0,0,4,6,76,1,0,19,0,0,0,0,21
2021-07-17,2021,28,292,18,7,0,1,7,0,0,0,0,39,4,1,0,5,9,0,4,0,26,0,0,0,1,0,6,1,0,0,3,0,2,0,3,6,2,0,9,0,7,0,0,2,15,84,1,0,15,0,1,0,0,13
2021-07-24,2021,29,264,15,8,2,1,8,0,0,0,0,25,15,0,0,6,11,0,0,3,2,0,0,0,0,0,6,4,0,0,2,0,4,3,1,8,1,0,8,0,13,0,0,1,2,74,0,0,21,1,0,0,0,19
2021-07-31,2021,30,280,45,7,1,0,6,0,1,0,0,22,11,0,0,6,25,0,0,0,17,0,0,0,0,0,3,2,0,0,0,0,4,1,0,10,2,5,9,0,14,0,2,1,11,41,0,0,21,0,0,1,0,12
2021-08-07,2021,31,350,29,7,2,3,11,1,0,0,0,40,16,2,0,6,29,0,2,3,32,0,0,0,2,0,0,2,0,0,0,0,1,3,7,3,4,29,23,0,17,0,1,0,8,25,0,0,16,1,0,1,0,23
2021-08-14,2021,32,290,22,7,9,2,13,0,0,0,0,32,10,2,0,5,25,0,1,2,18,0,0,1,1,0,3,2,0,0,1,0,3,1,7,15,3,5,10,0,8,0,5,1,16,16,0,0,23,0,0,0,0,21
2021-08-21,2021,33,280,30,7,9,3,6,0,0,0,0,29,15,0,0,4,34,3,0,0,2,0,0,0,2,0,5,4,0,0,2,0,2,1,8,8,1,2,4,5,9,0,4,6,9,14,0,0,24,1,0,0,0,27
2021-08-28,2021,34,262,41,7,7,5,4,1,0,0,0,21,12,0,0,0,16,0,1,1,11,0,0,0,2,2,15,4,0,1,6,0,6,0,7,4,3,1,8,2,10,0,1,0,10,11,0,2,7,0,0,0,0,33
2021-09-04,2021,35,282,47,7,4,2,2,3,0,0,0,11,28,0,0,1,22,0,2,0,10,0,0,0,2,0,18,2,0,0,0,0,3,2,8,8,2,0,10,0,17,0,0,1,19,15,0,0,9,0,0,1,0,23
2021-09-11,2021,36,247,30,7,1,0,7,2,0,0,0,16,36,0,0,1,13,1,0,2,3,0,0,0,1,0,6,2,0,1,0,0,3,0,8,13,7,3,12,2,13,0,0,0,8,20,1,0,7,0,0,0,0,20
2021-09-18,2021,37,261,30,7,2,2,5,0,0,0,0,28,21,0,0,0,12,0,0,0,4,0,0,0,0,3,1,1,7,1,4,0,3,0,8,13,2,6,7,2,12,0,2,0,14,17,1,0,17,0,0,0,0,29
2021-09-25,2021,38,234,15,7,1,3,8,0,0,0,0,19,24,1,0,0,15,9,2,2,6,0,0,0,1,0,5,2,1,2,1,0,7,1,9,5,1,2,12,0,9,0,0,0,6,13,1,0,11,1,2,12,0,17
2021-10-02,2021,39,253,7,5,6,0,8,0,0,0,0,19,27,0,0,1,15,0,4,0,17,0,1,0,6,1,0,6,0,0,3,1,7,2,8,15,0,8,2,2,20,0,0,1,8,15,1,0,6,3,2,3,0,22
2021-10-09,2021,40,341,13,0,17,3,12,1,0,0,0,35,4,0,0,0,13,0,4,3,9,0,0,0,6,1,2,0,0,0,66,0,5,1,11,8,2,8,14,4,18,0,2,1,17,20,2,0,12,0,2,4,0,20
2021-10-16,2021,41,266,5,0,24,4,5,0,0,0,0,16,11,0,0,4,7,0,7,1,21,0,4,0,3,1,5,3,0,1,7,12,2,0,7,25,2,4,14,1,21,1,3,0,3,13,0,0,9,0,0,3,0,15
2021-10-23,2021,42,281,6,1,5,3,10,0,0,0,0,28,13,0,0,2,7,0,7,0,11,0,4,0,2,1,14,0,0,0,2,1,11,2,10,34,0,12,10,1,22,0,2,2,5,6,1,0,16,0,2,7,0,19
2021-10-30,2021,43,265,12,0,1,3,5,2,0,0,0,27,21,0,0,3,13,0,2,3,6,0,7,0,0,2,2,6,0,0,1,0,2,0,13,38,4,9,6,0,18,1,5,0,7,15,1,0,10,3,0,5,0,12
2021-11-06,2021,44,323,9,0,5,3,15,4,0,0,0,30,25,0,0,2,14,0,0,5,10,0,3,0,1,2,6,8,0,0,4,0,3,2,17,51,1,12,8,0,14,1,10,0,7,18,0,0,6,0,0,1,0,26
2021-11-13,2021,45,338,15,0,2,6,15,3,0,0,0,49,36,0,0,1,6,0,6,5,15,0,6,0,5,0,8,8,0,1,5,1,7,1,16,3,3,8,10,0,15,0,9,0,8,20,0,0,15,0,3,4,1,22
2021-11-20,2021,46,366,16,0,4,9,17,2,2,0,0,49,21,0,2,5,15,1,2,2,4,0,3,4,7,2,10,5,0,0,20,0,12,1,23,3,1,9,10,1,24,0,4,2,7,23,0,0,14,1,0,5,4,19
2021-11-27,2021,47,475,10,0,11,2,20,4,3,0,1,64,19,1,2,6,16,2,0,4,13,0,4,2,26,2,14,14,0,3,10,2,17,0,24,18,3,14,15,6,22,0,2,2,12,18,0,0,23,0,2,7,1,32
2021-12-04,2021,48,867,23,0,19,12,44,16,13,0,1,62,49,0,0,17,32,1,2,1,50,6,7,9,23,14,24,26,0,18,7,1,36,4,41,19,9,37,19,4,54,3,10,5,21,35,4,1,33,1,4,18,3,28
2021-12-11,2021,49,1120,17,0,26,11,61,26,14,1,2,81,62,0,0,24,33,3,6,3,73,2,3,19,57,25,10,37,1,22,8,3,47,0,80,36,5,40,32,5,77,1,10,6,25,34,0,0,33,1,28,5,2,23
2021-12-18,2021,50,1303,23,2,36,13,60,32,18,6,1,83,53,0,2,26,46,3,10,9,80,1,27,15,55,41,16,44,2,11,7,9,69,6,82,41,6,65,30,7,79,3,12,4,31,54,1,0,35,0,4,22,1,19
2021-12-25,2021,51,1791,17,7,54,11,111,47,23,3,0,103,52,1,2,28,100,3,14,5,113,1,29,24,67,69,29,78,1,30,11,5,50,1,64,92,14,89,69,4,86,4,25,20,54,55,5,0,35,5,17,39,2,21
2022-01-01,2021,52,2997,70,8,387,28,96,65,23,10,0,112,77,0,4,42,110,12,31,10,171,2,11,54,98,111,52,123,20,42,7,6,53,3,82,162,51,163,147,6,112,3,43,31,74,75,3,1,50,5,17,99,19,16
2022-01-08,2022,1,2300,34,3,316,35,87,29,9,6,0,72,52,0,4,26,60,15,54,3,123,4,9,46,57,103,37,81,21,31,18,4,43,3,43,180,54,96,122,5,88,2,16,22,66,73,2,0,48,0,12,55,12,18
2022-01-15,2022,2,1649,17,12,23,30,75,24,2,0,0,102,38,0,3,41,46,12,32,18,60,0,16,42,54,67,36,71,12,28,44,1,26,2,48,128,40,65,102,4,59,1,9,26,31,49,1,1,37,6,4,42,3,14
2022-01-22,2022,3,1211,18,15,23,19,63,9,11,0,0,69,49,0,1,15,28,21,18,23,46,0,3,49,31,46,17,52,12,18,5,2,17,0,27,47,29,32,34,4,39,1,4,17,23,61,4,0,44,4,7,22,7,19
2022-01-29,2022,4,968,41,1,20,13,23,9,2,0,0,44,35,0,2,7,32,7,6,18,42,1,6,28,29,21,12,53,7,24,11,1,19,0,18,25,19,32,39,5,30,2,5,8,27,55,3,0,40,2,2,22,2,13
2022-02-05,2022,5,1095,5,1,35,16,30,12,4,0,3,56,53,0,1,10,33,16,9,13,74,3,8,33,27,19,21,48,9,34,4,1,18,11,15,48,18,20,49,1,35,0,9,9,31,86,4,0,38,7,7,30,1,5
2022-02-12,2022,6,1164,9,0,53,23,28,27,0,0,0,47,41,0,1,8,31,46,22,11,85,5,6,30,40,20,21,46,13,29,8,9,20,4,27,25,7,26,68,2,50,0,11,18,21,133,3,0,34,8,2,29,2,15
2022-02-19,2022,7,1493,21,0,56,22,11,16,1,0,1,47,48,0,1,22,53,40,25,12,170,5,13,43,49,30,25,55,7,32,9,7,22,6,40,34,8,33,74,5,88,1,17,13,26,227,3,0,31,6,4,25,2,7
2022-02-26,2022,8,1603,10,1,80,37,23,24,7,0,0,55,44,0,3,26,42,57,34,23,116,2,15,34,50,19,27,50,16,40,9,0,28,4,29,33,0,32,75,4,77,0,13,12,42,323,5,1,27,5,8,29,4,7
2022-03-05,2022,9,1791,26,0,80,57,34,21,4,1,1,59,27,0,1,21,59,56,28,23,80,2,23,11,74,28,34,72,21,53,24,2,33,4,57,44,3,53,82,2,68,2,16,30,29,305,9,0,27,13,21,61,4,6
2022-03-12,2022,10,2097,35,2,79,60,40,38,8,7,4,47,38,0,13,34,108,54,40,30,62,2,16,23,88,35,33,67,14,43,33,14,30,6,56,55,7,75,119,7,79,0,14,13,28,408,12,0,18,12,21,41,6,23
2022-03-19,2022,11,2626,23,1,104,62,51,55,18,4,2,58,35,1,16,58,119,49,31,39,64,1,19,36,119,29,31,90,16,61,41,10,41,15,95,14,5,95,162,18,101,1,14,12,28,592,17,0,32,21,43,53,3,21
2022-03-26,2022,12,2919,17,3,120,74,61,82,25,4,4,84,33,0,14,114,125,43,49,42,74,3,30,30,134,37,48,79,19,60,53,7,60,36,90,23,9,105,156,24,109,1,7,5,43,595,6,8,35,24,19,58,7,31
2022-04-02,2022,13,3008,25,0,99,56,79,121,26,3,4,78,45,1,19,88,115,36,28,53,63,9,29,78,146,33,25,91,38,25,68,6,80,39,163,28,4,97,165,10,140,3,15,5,38,527,17,9,39,20,37,57,2,26
2022-04-09,2022,14,3149,23,2,116,74,96,104,47,7,2,83,33,3,20,105,109,25,32,90,30,11,47,131,160,28,32,77,19,35,110,13,136,43,200,35,4,127,118,14,183,5,18,11,31,352,14,14,35,24,36,44,10,31
2022-04-16,2022,15,3308,11,1,93,43,104,139,45,38,2,148,42,9,16,79,93,25,19,105,48,15,51,167,150,27,22,77,14,29,88,17,140,28,231,57,7,133,100,14,189,9,31,4,35,330,16,12,51,32,43,66,8,55
2022-04-23,2022,16,3474,25,2,131,34,148,179,52,17,1,141,46,7,17,106,64,20,26,82,44,20,43,176,138,33,16,70,21,16,84,28,126,43,293,45,7,115,76,27,200,10,32,3,34,411,9,12,42,34,39,54,1,74
2022-04-30,2022,17,3182,9,1,156,33,213,163,57,7,3,164,36,4,15,97,72,17,19,119,24,30,51,183,136,29,26,55,18,16,59,24,125,51,275,63,3,104,45,23,160,5,29,8,35,171,1,6,57,42,35,64,5,39
2022-05-07,2022,18,3175,19,6,170,17,206,258,76,4,2,213,44,2,13,108,49,20,8,109,35,8,46,174,169,32,22,66,20,6,59,21,119,70,241,51,1,99,34,27,149,6,20,3,18,131,12,7,44,60,18,51,4,28
2022-05-14,2022,19,3119,12,3,194,28,277,173,70,3,5,278,60,3,16,123,35,17,7,47,32,37,54,162,180,17,25,39,9,4,79,14,95,37,193,37,1,79,47,26,179,8,27,19,30,144,10,3,41,57,16,36,4,27
2022-05-21,2022,20,3134,15,18,225,15,355,120,75,4,4,371,55,11,12,98,45,10,7,41,36,36,45,147,140,13,31,33,11,7,99,13,87,64,194,45,1,66,29,36,158,6,37,5,15,129,7,0,35,60,12,26,6,23
2022-05-28,2022,21,2738,13,4,199,14,412,87,36,3,4,517,62,9,3,49,31,6,2,22,14,15,29,74,93,12,20,22,14,3,93,6,75,51,163,40,0,45,39,33,83,7,30,3,18,115,1,2,35,67,5,27,6,23
2022-06-04,2022,22,2678,13,2,209,17,432,75,20,9,5,665,66,4,10,41,27,6,2,22,19,12,17,39,70,6,23,28,23,6,71,6,52,55,124,22,4,37,33,28,64,6,27,1,20,88,5,0,41,65,5,16,7,28
2022-06-11,2022,23,2210,15,6,93,19,391,39,36,6,2,551,48,3,7,16,8,9,2,17,28,57,17,40,35,4,14,17,10,9,89,4,42,31,104,43,2,21,26,18,49,1,25,1,18,76,3,5,40,57,12,15,7,20
2022-06-18,2022,24,1776,15,1,55,10,305,25,14,1,2,461,41,4,5,23,18,6,0,5,12,3,21,14,32,10,13,23,1,3,62,1,43,16,92,59,0,20,28,12,40,2,17,1,25,110,1,2,29,44,6,9,4,26
2022-06-25,2022,25,1366,7,3,35,16,238,9,6,2,3,302,27,6,2,19,17,5,3,11,11,5,20,10,16,0,23,19,0,6,36,1,23,6,66,58,0,12,28,8,35,1,29,2,15,92,3,0,35,64,5,7,0,16
2022-07-02,2022,26,1073,8,2,16,8,193,13,8,0,1,208,35,3,3,7,12,3,4,1,7,2,13,6,11,1,17,11,4,9,24,0,11,12,45,38,0,11,25,3,35,0,11,1,35,80,5,3,39,55,1,8,1,24
2022-07-09,2022,27,776,15,3,14,5,115,11,5,0,2,161,28,3,3,10,8,3,3,6,1,1,12,6,9,2,21,14,2,5,20,1,15,0,36,15,0,6,26,0,32,9,8,0,9,56,0,1,20,31,6,1,2,13
2022-07-16,2022,28,766,33,0,9,19,99,9,3,1,1,124,27,0,4,11,9,0,0,3,4,0,7,6,5,2,20,12,2,7,18,0,17,5,38,41,1,5,24,7,21,1,4,0,7,83,0,1,19,30,6,2,3,15
2022-07-23,2022,29,628,5,0,13,10,61,9,6,0,0,89,28,1,0,4,7,0,2,1,18,1,3,3,7,3,23,25,0,1,4,1,8,4,10,38,2,11,5,1,28,0,26,6,11,82,0,0,33,23,1,0,0,13
2022-07-30,2022,30,522,9,0,15,1,47,8,3,0,0,74,39,2,1,9,10,0,3,6,4,0,3,3,4,3,18,12,0,3,5,1,9,1,17,11,0,7,6,1,26,0,15,8,14,62,1,0,27,13,0,2,2,15
2022-08-06,2022,31,486,9,0,5,3,38,12,3,0,2,69,33,3,2,13,10,1,2,1,6,0,2,5,1,2,19,23,0,3,1,0,16,1,11,1,1,4,22,1,23,0,6,5,17,60,0,0,15,17,0,6,0,10
2022-08-13,2022,32,490,8,1,8,7,39,10,1,0,0,74,19,1,0,11,4,1,1,4,13,2,5,3,3,5,14,12,0,0,0,0,9,10,11,9,3,1,11,2,27,0,6,7,16,64,0,0,28,15,0,1,0,23
2022-08-20,2022,33,483,5,1,14,3,35,10,2,0,0,60,13,1,1,12,11,4,2,3,8,0,6,2,2,0,13,15,1,6,1,0,7,6,16,12,0,10,4,0,38,0,3,7,13,89,1,0,16,12,1,1,0,13
2022-08-27,2022,34,483,10,1,16,3,29,1,8,0,1,65,26,1,0,16,15,1,1,4,11,0,4,3,2,1,13,2,0,9,5,0,12,6,25,11,0,10,8,0,23,0,3,7,15,71,0,0,14,7,0,2,0,20
2022-09-03,2022,35,545,13,0,14,6,33,1,4,1,0,53,20,2,3,10,18,3,0,4,10,0,0,4,1,1,21,8,0,8,7,0,8,17,23,6,1,13,7,0,29,0,9,7,14,95,1,1,24,17,0,3,0,23
2022-09-10,2022,36,576,12,5,4,6,36,2,3,0,0,50,43,1,0,5,26,0,1,8,16,0,3,1,9,1,18,4,0,2,1,0,7,11,15,13,0,16,11,1,37,0,7,7,20,105,1,0,20,10,0,0,0,37
2022-09-17,2022,37,665,22,0,7,5,21,3,5,2,0,79,46,2,0,4,26,1,0,5,19,0,8,3,2,0,36,6,1,9,8,3,10,4,20,17,0,7,12,0,32,0,9,7,17,123,0,0,27,16,1,0,0,39
2022-09-24,2022,38,796,20,0,9,7,35,4,3,0,1,78,55,3,3,15,32,2,1,10,18,0,3,4,7,2,20,8,0,2,11,1,15,6,21,11,1,11,6,2,34,0,17,7,32,215,1,0,16,7,1,4,0,35
2022-10-01,2022,39,921,28,2,10,10,68,3,2,0,0,78,77,4,3,10,38,9,1,4,47,0,6,4,4,2,29,12,2,18,15,1,21,14,28,21,0,15,8,1,45,1,18,10,38,127,0,0,29,11,1,1,0,45
2022-10-08,2022,40,1316,42,0,13,22,92,2,2,0,1,113,109,5,1,12,46,6,7,7,67,1,17,6,12,12,60,6,0,20,35,0,24,25,38,20,0,17,6,0,58,1,33,10,39,223,0,1,48,15,5,1,1,33
2022-10-15,2022,41,1674,87,5,11,37,87,3,6,0,2,101,144,6,1,28,54,7,4,23,98,0,27,7,15,3,67,10,0,11,15,0,32,24,48,34,1,32,14,3,77,0,42,12,59,308,3,0,53,13,11,2,2,43
2022-10-22,2022,42,2292,141,1,24,47,121,14,11,1,5,124,137,3,1,39,69,9,16,13,129,0,43,9,12,14,88,23,0,12,15,1,35,26,43,71,2,33,30,6,91,2,70,13,87,479,6,0,77,21,15,11,2,49
2022-10-29,2022,43,4188,271,11,26,77,199,27,36,4,11,241,216,7,1,106,103,15,19,66,235,3,105,15,48,37,148,49,3,12,12,0,67,53,106,185,2,105,57,5,166,0,156,9,122,706,12,1,172,33,56,15,4,52
2022-11-05,2022,44,6413,403,15,79,134,416,35,38,10,33,290,250,7,16,155,141,16,34,124,221,3,156,30,55,83,260,66,6,31,35,3,166,90,190,283,6,196,47,32,228,3,248,9,231,961,6,0,307,43,89,33,7,90
2022-11-12,2022,45,8595,353,14,134,203,858,58,52,13,44,453,263,21,11,256,136,20,44,223,228,8,214,41,88,165,244,105,11,24,92,3,295,149,278,351,10,257,74,51,345,6,256,13,311,1108,12,1,339,89,127,45,10,88
2022-11-19,2022,46,10974,262,36,308,214,1499,107,103,53,36,517,236,15,56,386,235,37,64,291,237,14,210,73,165,243,250,222,13,31,162,9,320,163,495,369,13,311,150,113,408,3,228,24,285,1168,8,2,262,239,136,88,39,65
2022-11-26,2022,47,18185,270,65,570,407,2631,157,183,39,58,743,258,12,141,801,457,104,153,521,330,33,308,175,290,382,272,488,44,60,265,9,513,176,789,430,22,560,344,376,701,14,215,58,471,1798,29,13,380,536,189,235,37,73
2022-12-03,2022,48,26853,418,53,799,466,3159,163,426,86,66,921,342,9,183,1102,831,208,301,849,452,100,411,451,459,443,268,850,65,104,478,29,995,357,1325,638,49,956,771,542,1299,22,245,73,687,2182,34,31,495,732,318,459,73,77
2022-12-10,2022,49,24039,256,73,779,346,2435,235,394,30,41,789,209,13,185,956,843,231,255,673,382,119,325,544,591,345,179,828,100,122,445,65,756,409,1496,395,34,957,812,650,1186,54,160,84,486,1775,60,45,368,681,246,479,42,73
2022-12-17,2022,50,21615,176,51,568,251,1614,255,395,25,23,846,179,14,286,733,731,325,219,429,180,182,261,659,894,247,142,751,99,166,318,76,606,342,1733,319,66,972,766,686,1045,41,149,97,258,1533,41,56,286,740,199,483,40,61
2022-12-24,2022,51,19634,152,43,580,202,1596,399,270,29,21,1024,158,29,203,578,615,328,182,281,155,211,231,760,1123,162,86,559,60,140,226,117,522,361,1517,298,72,799,680,451,1047,57,118,84,226,1302,63,64,269,404,155,458,50,114
2022-12-31,2022,52,19482,148,43,656,204,1423,315,241,42,32,1244,184,34,223,555,566,320,185,243,166,192,225,765,1137,177,120,636,91,144,179,141,476,286,1309,299,82,707,708,361,1101,49,157,59,248,1413,83,81,279,384,172,484,51,60
2023-01-07,2023,1,14078,123,32,386,158,913,158,170,45,17,1325,189,10,112,433,361,218,125,133,171,126,157,489,714,80,88,405,60,99,116,108,343,179,956,222,72,489,503,152,809,36,161,69,174,1246,66,51,233,231,148,332,32,52
2023-01-14,2023,2,7191,99,7,163,105,411,99,79,12,6,702,108,9,46,173,173,96,54,63,85,57,101,251,320,47,57,195,39,63,37,47,166,53,517,131,52,194,274,65,452,9,79,15,100,764,22,12,119,144,48,171,16,84
2023-01-21,2023,3,4492,57,7,118,65,208,37,36,6,8,593,80,0,35,68,100,43,40,35,83,29,67,131,171,29,52,101,16,55,21,23,102,29,309,63,28,123,168,32,303,16,58,12,69,491,22,10,72,86,14,108,14,47
2023-01-28,2023,4,3092,42,5,57,44,126,26,33,6,7,423,71,9,17,73,71,47,21,32,42,14,39,76,84,18,35,73,9,22,11,19,79,21,236,41,24,72,94,11,235,10,41,15,41,347,7,5,60,66,21,51,5,57
2023-02-04,2023,5,2597,35,3,62,20,115,38,15,10,9,354,204,8,3,28,41,13,12,16,94,10,51,58,87,16,29,50,9,6,4,4,38,10,145,40,9,59,86,10,193,4,40,15,43,281,7,3,62,42,22,22,6,54
2023-02-11,2023,6,2177,29,1,56,33,93,27,15,1,5,300,83,10,4,31,41,15,9,29,50,6,41,59,56,7,21,41,2,2,11,8,26,9,104,55,16,49,54,7,180,1,46,9,28,270,7,0,64,47,16,23,2,77
2023-02-18,2023,7,1908,30,2,38,25,73,17,14,1,5,235,75,4,8,28,33,9,3,22,33,4,26,39,60,10,28,42,6,6,12,4,53,3,87,46,10,47,45,4,194,2,43,16,57,241,12,2,57,31,9,11,2,44
2023-02-25,2023,8,1649,31,5,43,30,79,13,17,0,4,215,60,5,3,31,42,11,8,7,22,0,26,21,54,6,32,36,3,9,3,2,41,11,55,28,9,24,33,6,168,2,41,4,43,208,4,2,61,38,14,6,0,32
2023-03-04,2023,9,1504,16,2,49,33,62,19,10,5,4,178,54,1,3,24,45,6,4,11,25,4,13,15,51,8,34,39,6,6,4,2,31,16,49,34,5,23,32,5,169,1,29,7,41,171,3,1,57,58,9,7,1,22
2023-03-11,2023,10,1372,17,4,43,23,47,9,19,1,2,179,51,3,4,16,32,12,6,15,22,0,16,18,36,5,32,35,3,14,3,4,22,5,56,25,5,26,19,6,176,0,31,15,27,157,7,5,40,47,4,10,2,16
2023-03-18,2023,11,1415,22,1,55,15,60,12,10,0,2,211,54,4,6,12,35,7,7,26,17,5,10,20,33,6,22,24,2,11,6,10,22,3,67,32,11,34,29,9,154,1,21,16,29,159,3,2,60,28,8,6,2,11
2023-03-25,2023,12,1331,19,3,36,18,36,10,13,2,3,158,62,1,3,30,21,7,6,14,23,1,21,19,21,4,16,32,1,9,8,9,44,3,106,20,0,29,23,3,154,2,24,20,31,131,3,4,50,28,16,9,0,25
2023-04-01,2023,13,1295,27,1,23,27,29,6,12,2,10,165,53,7,3,37,39,4,9,16,27,4,9,13,17,10,19,29,1,10,4,9,39,9,75,12,0,33,20,4,105,0,20,13,45,156,3,0,50,32,9,4,1,42
2023-04-08,2023,14,1199,17,2,40,15,45,7,22,0,4,185,49,3,5,25,18,2,5,19,18,3,12,11,25,12,26,29,0,3,4,6,39,1,78,22,7,13,23,5,65,0,24,13,29,128,6,0,54,26,7,10,2,33
2023-04-15,2023,15,1077,16,2,46,17,33,18,11,0,3,130,29,1,2,37,17,5,7,23,14,0,13,10,16,12,16,18,0,6,8,0,45,4,75,25,5,25,19,3,66,1,22,5,25,126,3,1,35,27,7,9,3,34
2023-04-22,2023,16,982,20,1,37,8,37,12,8,0,3,152,44,2,3,25,10,0,2,12,21,5,10,9,8,8,33,19,2,7,0,1,35,8,47,13,3,18,15,1,82,1,21,4,22,102,6,0,45,18,4,5,0,33
2023-04-29,2023,17,903,11,0,41,11,26,9,9,1,1,137,43,1,7,19,18,12,2,4,20,0,10,9,7,12,16,26,0,4,4,2,13,2,37,10,5,19,21,5,80,1,27,4,18,110,0,2,31,14,5,0,1,36
2023-05-06,2023,18,994,4,5,34,9,22,7,7,0,0,128,33,0,5,24,21,5,2,16,10,2,15,10,17,19,21,27,0,2,7,3,21,1,52,7,7,17,10,2,47,0,17,7,24,197,4,0,52,13,4,7,2,47
2023-05-13,2023,19,980,14,1,55,12,33,7,6,1,2,132,50,1,9,30,18,5,2,15,18,4,11,18,17,13,24,21,0,4,6,1,21,1,54,16,2,17,15,0,62,4,23,7,15,99,6,0,44,10,5,5,1,43
2023-05-20,2023,20,1116,10,0,55,9,24,9,9,0,2,140,30,3,1,25,19,3,4,11,17,5,5,13,13,8,22,22,2,2,3,0,15,4,50,11,13,218,23,2,54,0,21,3,14,97,4,2,35,13,9,2,1,59
2023-05-27,2023,21,974,11,0,65,14,23,10,12,0,6,141,37,0,2,37,16,4,3,11,11,2,6,10,18,3,20,8,3,7,6,4,20,3,61,5,3,14,20,3,57,3,17,3,27,106,5,0,50,15,10,2,0,60
2023-06-03,2023,22,939,25,3,65,6,48,5,4,3,3,148,46,4,2,22,15,0,4,5,14,3,8,9,14,1,10,8,0,3,6,1,25,2,46,14,1,10,12,3,66,1,26,4,20,83,1,0,36,17,5,7,1,73
2023-06-10,2023,23,935,14,2,61,1,43,3,6,0,1,166,55,6,1,21,13,4,13,5,14,1,5,11,14,5,17,18,2,1,11,0,13,1,39,12,3,11,10,6,60,1,21,2,27,75,1,0,27,28,8,11,1,61
2023-06-17,2023,24,873,5,6,50,5,36,6,6,0,1,148,41,8,6,20,13,2,2,8,10,0,2,12,20,8,14,10,2,1,8,2,9,1,37,18,2,11,15,2,56,2,23,2,31,100,4,0,27,19,6,4,1,50
2023-06-24,2023,25,813,11,0,48,12,27,3,6,0,2,165,38,9,1,13,5,1,2,6,8,1,8,4,14,2,13,12,1,1,8,0,12,1,36,16,1,14,9,5,49,0,23,0,13,109,3,0,22,17,2,1,1,58
2023-07-01,2023,26,836,11,4,29,6,49,7,6,0,1,158,38,10,7,8,9,2,3,5,16,2,0,7,9,0,15,7,1,1,7,1,6,0,29,17,1,37,13,1,47,1,20,2,24,87,3,1,39,19,3,5,9,52
2023-07-08,2023,27,699,3,2,34,4,26,3,1,0,2,144,23,8,3,11,2,2,1,8,13,3,3,3,5,1,14,3,0,1,6,0,16,1,23,10,2,37,12,2,46,2,14,3,21,79,1,0,39,18,0,4,1,39
2023-07-15,2023,28,736,14,2,28,8,54,8,2,0,2,138,18,6,3,10,2,0,3,6,6,0,5,7,3,0,14,13,1,0,10,1,7,0,17,13,1,40,8,5,41,0,18,0,23,96,3,0,30,19,1,8,0,42
2023-07-22,2023,29,645,15,1,13,6,39,4,3,2,1,110,17,4,1,12,4,2,0,3,7,1,4,10,3,0,10,20,0,1,7,0,16,1,28,5,1,33,13,3,37,0,16,0,23,86,0,0,22,18,0,9,0,33
2023-07-29,2023,30,772,31,0,15,5,37,3,5,0,1,132,16,4,3,10,4,0,2,9,12,3,14,4,4,3,17,10,0,1,4,1,8,0,19,9,1,117,14,2,36,0,20,0,16,92,1,0,19,18,3,2,2,42
2023-08-05,2023,31,690,13,2,11,11,43,3,4,0,0,131,19,6,2,12,7,1,1,9,11,2,7,6,4,2,9,4,0,1,6,1,15,2,33,8,0,9,6,3,51,0,18,2,22,109,1,0,31,20,1,1,0,29
2023-08-12,2023,32,706,9,1,9,10,35,1,7,1,1,133,28,4,3,13,9,0,2,5,7,0,5,10,11,0,27,9,0,1,6,1,6,1,21,13,5,10,11,4,37,0,8,1,26,119,1,0,32,17,0,5,1,39
2023-08-19,2023,33,738,7,2,6,7,31,0,4,0,1,152,19,6,3,9,3,2,1,12,11,2,6,6,18,0,34,11,0,1,3,0,12,2,15,14,0,8,21,3,38,0,15,3,26,122,0,0,35,25,9,2,0,30
2023-08-26,2023,34,793,12,0,17,9,29,4,8,0,2,160,28,6,0,12,11,2,2,7,11,0,3,8,10,3,40,7,0,3,4,0,16,1,20,8,1,16,13,4,57,0,20,1,23,110,0,0,28,20,2,1,0,52
2023-09-02,2023,35,875,12,2,13,6,38,3,6,0,0,172,34,7,0,9,6,4,3,10,14,0,5,17,12,0,43,6,0,2,3,4,10,2,38,18,0,13,16,2,42,0,9,1,27,126,1,0,30,42,1,2,0,59
2023-09-09,2023,36,804,5,2,8,8,42,7,1,0,1,150,21,5,2,15,5,1,6,19,11,0,5,8,2,0,19,12,1,1,4,1,13,4,21,7,0,15,16,3,43,0,22,3,46,110,2,1,40,37,2,1,0,54
2023-09-16,2023,37,821,20,5,10,7,41,2,9,0,0,156,34,8,0,18,9,0,3,5,13,0,2,5,9,1,23,8,1,0,0,0,10,11,12,11,0,9,16,6,48,2,25,0,34,128,3,0,31,15,6,3,0,59
2023-09-23,2023,38,884,11,6,8,6,46,8,16,0,1,172,30,5,3,20,9,0,4,13,18,1,6,10,17,4,16,16,3,6,4,2,19,3,19,13,1,9,17,6,46,1,26,0,24,102,2,1,40,6,0,0,0,84
2023-09-30,2023,39,1026,20,7,21,10,46,8,8,0,0,168,29,10,2,18,12,4,5,14,16,0,4,8,12,2,20,12,4,1,3,1,9,5,48,10,3,16,26,6,60,0,28,2,41,118,4,1,54,12,6,9,2,99
2023-10-07,2023,40,1110,20,10,16,17,45,9,4,2,2,227,34,10,4,21,8,3,10,12,19,5,3,12,17,3,29,24,0,5,4,2,17,6,37,36,0,18,15,6,41,1,22,0,28,121,4,0,49,4,2,10,6,109
2023-10-14,2023,41,1215,24,14,21,15,60,15,3,0,2,213,39,15,2,18,23,1,3,23,28,4,3,16,20,6,22,25,0,9,6,0,13,4,26,20,1,21,39,6,40,1,26,0,32,168,3,0,54,13,3,3,4,103
2023-10-21,2023,42,1470,30,21,52,18,50,16,1,1,4,291,31,13,2,27,25,4,7,20,31,2,9,14,21,4,20,17,1,8,7,0,33,2,37,17,1,21,22,8,42,0,32,2,43,242,9,2,72,11,3,4,4,111
2023-10-28,2023,43,1614,30,30,49,13,76,19,7,1,1,313,40,13,4,21,33,4,5,23,46,4,10,28,12,4,17,17,0,7,8,2,44,2,48,20,1,17,10,14,49,1,21,3,44,245,5,0,61,8,4,7,0,164
2023-11-04,2023,44,2014,37,33,51,18,97,31,12,1,0,443,56,14,5,34,43,10,5,21,40,1,15,33,34,9,30,24,1,5,12,2,26,10,57,40,0,21,18,6,31,0,45,1,44,348,9,0,51,17,7,16,1,144
2023-11-11,2023,45,2776,57,39,132,24,231,52,5,1,0,462,116,16,4,54,58,13,10,33,65,4,19,32,30,18,38,40,5,5,22,2,46,9,88,49,2,26,34,11,81,2,52,2,47,427,5,2,92,17,14,20,5,148
2023-11-18,2023,46,3492,74,17,187,17,372,102,22,2,5,652,133,29,11,71,95,14,18,18,96,2,27,38,52,15,46,40,3,4,27,2,33,12,123,88,7,56,37,17,89,0,64,1,57,428,7,5,100,33,8,15,9,110
2023-11-25,2023,47,4387,72,14,209,57,459,137,33,1,8,701,156,26,8,102,100,27,26,37,115,19,22,67,88,24,47,58,6,8,39,1,75,21,178,153,4,75,34,11,123,3,81,2,73,534,10,3,115,36,13,34,23,117
2023-12-02,2023,48,5962,85,15,276,24,683,126,57,2,11,743,225,23,19,165,149,44,37,59,121,9,60,99,106,34,77,85,18,8,45,7,129,43,345,213,17,134,71,17,212,6,133,7,98,699,17,3,143,74,17,59,24,89
2023-12-09,2023,49,7510,110,14,388,41,868,153,74,10,14,761,261,32,46,205,181,43,37,48,158,15,78,148,173,48,71,140,21,11,77,15,160,86,509,312,11,161,59,43,279,6,177,6,152,829,17,8,157,83,20,97,48,48
2023-12-16,2023,50,10289,147,4,602,53,1077,234,120,18,20,843,442,24,67,253,260,50,43,86,178,20,115,216,247,78,96,154,37,13,118,28,304,157,744,402,16,239,85,45,391,24,264,13,178,1155,24,8,229,109,33,122,46,57
2023-12-23,2023,51,15727,270,5,946,96,1763,252,115,24,46,989,746,28,115,464,374,90,92,137,307,16,207,317,271,110,200,224,78,62,158,41,488,232,944,733,26,438,153,103,702,16,421,33,294,1597,58,12,419,155,82,187,28,59
2023-12-30,2023,52,21685,318,4,1106,187,1810,367,194,60,57,1352,1132,32,163,576,556,99,93,261,381,51,328,554,567,189,297,370,116,51,185,51,729,237,1343,1076,51,638,137,147,933,46,649,48,538,1975,80,19,731,211,153,297,72,63
2024-01-06,2024,1,19550,349,5,907,234,1470,308,167,48,55,1414,758,40,157,511,521,94,93,296,304,58,322,634,497,168,263,345,129,50,143,46,667,230,1278,779,52,562,174,142,761,48,473,54,474,2093,63,15,538,209,169,248,82,51
2024-01-13,2024,2,15909,227,6,716,223,1075,286,159,34,37,1070,627,25,102,380,443,84,101,240,252,47,245,518,381,161,230,316,114,55,145,47,570,154,1037,505,32,542,210,115,577,34,268,32,390,1964,47,24,381,161,136,265,56,61
2024-01-20,2024,3,13305,169,9,682,227,1096,197,128,32,27,908,486,23,88,335,402,95,66,197,141,40,198,401,346,123,158,266,81,35,78,30,441,114,862,310,41,505,253,85,454,34,197,16,350,1682,28,26,302,145,145,175,23,50
2024-01-27,2024,4,13027,142,7,616,275,732,229,156,28,21,835,455,30,69,275,428,76,68,251,130,34,171,391,388,144,161,272,115,47,67,24,345,104,923,308,48,590,346,98,405,24,213,27,280,1868,38,21,262,120,136,141,40,51
2024-02-03,2024,5,11967,103,8,343,245,547,196,111,25,20,711,354,5,71,272,453,107,113,225,123,65,113,446,483,150,111,303,85,47,58,37,331,77,769,255,40,591,419,84,450,17,175,23,223,1869,28,18,184,105,127,175,39,34
2024-02-10,2024,6,11635,109,11,183,291,464,196,142,25,14,828,308,17,61,250,487,112,139,284,97,77,111,432,664,164,86,344,82,54,35,43,323,78,768,174,31,607,464,87,425,21,132,18,196,1500,16,20,174,80,131,178,33,68
2024-02-17,2024,7,11127,120,2,204,258,342,137,119,36,19,678,259,10,59,262,439,124,111,282,85,86,123,512,770,173,94,354,24,54,51,41,370,73,789,179,29,610,389,65,493,29,130,26,195,1125,19,21,195,73,184,209,44,52
2024-02-24,2024,8,10873,87,4,204,275,302,129,171,24,18,619,192,14,90,318,419,157,82,279,94,69,118,463,974,159,55,454,22,84,43,33,297,60,793,160,25,658,169,89,493,34,111,42,201,995,9,26,207,97,163,213,27,52
2024-03-02,2024,9,10815,81,11,182,278,266,93,212,33,15,538,203,16,61,331,390,180,87,280,77,64,176,508,1017,182,67,444,27,95,49,39,343,61,773,160,22,637,179,76,544,27,107,46,236,811,17,30,219,75,181,200,25,43
2024-03-09,2024,10,9417,85,5,125,247,207,80,165,26,36,536,156,9,70,267,414,178,84,190,55,50,170,402,851,174,61,408,28,86,43,33,272,77,596,132,21,623,181,79,511,23,97,37,188,637,14,29,196,56,143,197,15,52
2024-03-16,2024,11,7327,65,9,134,190,188,96,99,18,14,516,102,18,68,250,275,115,95,142,40,33,114,323,599,164,55,281,35,69,30,38,218,45,414,94,29,357,139,68,369,21,74,43,129,538,13,24,134,85,101,183,11,63
2024-03-23,2024,12,6049,70,10,106,103,175,97,83,16,20,423,81,6,55,212,174,94,66,129,33,26,75,240,530,133,45,192,21,60,39,25,180,57,356,83,20,299,94,97,345,13,66,59,127,398,11,18,135,81,80,132,5,50
2024-03-30,2024,13,5576,60,8,97,82,180,68,89,15,18,404,64,7,45,201,175,90,66,120,47,23,76,228,523,124,47,193,29,51,26,17,188,36,391,88,31,244,91,64,267,14,63,33,84,360,11,15,111,56,71,126,11,47
2024-04-06,2024,14,5073,39,7,81,60,151,49,88,19,23,312,60,9,31,182,166,82,42,102,32,24,88,227,457,112,53,148,7,54,35,16,168,41,411,77,19,264,63,51,256,16,44,37,102,308,5,9,157,43,68,124,7,39
2024-04-13,2024,15,4073,19,4,85,47,179,55,62,7,17,326,57,12,12,186,112,63,27,67,30,15,55,177,334,79,38,108,9,45,23,14,130,19,366,55,18,193,35,33,196,14,64,14,77,275,1,16,110,42,22,77,6,43
2024-04-20,2024,16,2944,18,2,79,30,157,26,57,8,14,239,40,5,15,122,61,53,40,46,24,16,38,127,170,53,25,83,6,27,26,12,110,15,217,23,15,110,30,32,146,11,37,24,58,255,3,10,79,26,13,66,2,36
2024-04-27,2024,17,2421,16,5,105,60,156,23,64,2,8,262,35,14,16,88,46,22,27,25,17,14,20,69,123,39,21,59,3,17,21,4,89,20,164,13,7,78,36,30,116,7,30,14,51,171,6,6,58,37,22,37,4,44
2024-05-04,2024,18,1485,10,3,75,14,77,23,34,4,5,141,16,6,2,43,36,9,9,10,9,9,10,58,83,18,20,33,0,5,10,3,81,11,132,8,4,46,16,17,95,3,31,7,22,89,2,4,58,25,7,15,4,32
2024-05-11,2024,19,852,0,6,73,12,49,12,22,1,4,85,7,3,0,13,12,3,5,3,8,8,5,48,50,0,14,18,2,1,1,0,47,16,52,0,0,9,9,18,84,4,21,1,17,1,3,0,39,28,0,10,0,28
2024-05-18,2024,20,684,4,1,66,0,57,6,10,1,2,91,6,2,0,10,11,3,2,5,3,3,0,0,31,0,22,11,1,2,2,0,32,14,28,0,1,12,5,21,92,1,22,0,21,0,0,0,39,12,0,11,1,17
2024-05-25,2024,21,611,0,2,66,2,42,11,6,1,2,97,3,2,0,9,4,2,5,3,9,5,0,0,29,0,8,10,1,0,0,0,37,8,20,0,0,11,6,14,85,1,18,1,20,3,0,1,32,21,0,3,5,4
2024-06-01,2024,22,591,0,3,68,6,56,10,4,0,0,77,5,6,0,9,5,1,2,5,6,5,5,0,15,0,13,6,2,0,1,0,26,10,12,0,0,5,2,17,79,1,19,0,30,0,0,1,45,21,0,3,0,10
2024-06-08,2024,23,511,0,3,53,5,59,4,5,1,0,81,2,1,0,8,5,0,5,7,5,1,3,0,9,0,11,4,0,1,0,0,20,5,10,0,0,3,1,16,59,0,28,0,17,1,0,0,24,39,0,0,5,9
2024-06-15,2024,24,519,0,3,69,5,58,3,2,0,0,80,1,3,0,9,2,1,1,3,4,3,0,0,9,0,13,3,2,0,0,0,25,0,10,0,0,3,1,6,80,0,29,0,15,1,0,0,40,20,0,2,4,6
2024-06-22,2024,25,441,0,6,44,5,64,3,3,0,0,64,2,4,0,6,5,0,1,1,4,1,0,0,9,0,16,3,2,0,1,0,16,0,7,0,1,6,1,14,51,0,20,0,12,1,0,0,25,28,0,1,3,10
2024-06-29,2024,26,356,0,3,23,1,49,3,1,1,2,62,4,2,0,6,3,1,1,1,5,1,2,0,11,0,6,5,0,0,1,0,20,0,6,0,0,2,0,2,47,0,17,0,7,0,0,0,20,32,0,2,0,7
2024-07-06,2024,27,342,0,1,29,4,37,3,7,0,0,56,4,3,0,8,3,0,0,2,5,0,1,0,7,0,3,0,0,0,1,0,21,1,4,1,0,6,2,5,46,1,19,0,10,3,0,0,18,19,0,2,2,7
2024-07-13,2024,28,367,0,1,29,5,39,1,3,0,1,78,0,4,0,5,3,1,4,0,0,4,0,0,9,0,6,1,1,0,0,0,23,0,1,0,0,2,0,5,58,0,20,0,11,1,0,0,25,15,0,3,1,6
2024-07-20,2024,29,325,0,3,16,7,35,3,2,0,2,59,0,6,0,4,0,0,0,0,5,2,0,0,8,0,7,3,0,0,0,0,17,0,14,2,0,3,6,3,50,0,15,0,10,5,0,0,16,6,0,3,3,9
2024-07-27,2024,30,273,0,1,12,8,29,6,1,0,1,41,1,1,0,3,1,1,1,0,2,0,0,0,7,0,12,4,1,0,0,0,17,0,1,0,1,2,0,1,59,0,16,0,13,0,0,0,20,6,0,1,0,3
2024-08-03,2024,31,276,1,0,10,4,31,6,3,0,1,54,3,3,0,4,1,0,1,0,7,2,1,0,2,0,14,1,0,0,0,0,12,0,0,0,0,3,1,0,55,0,22,0,9,2,0,0,11,3,0,1,2,6
2024-08-10,2024,32,275,0,0,25,6,19,5,0,0,1,42,2,3,0,6,0,0,0,0,5,3,0,0,5,0,16,3,0,0,0,0,15,0,3,1,0,4,1,2,44,0,15,0,9,3,0,0,24,4,0,2,2,5
2024-08-17,2024,33,275,0,4,17,4,32,0,2,0,0,45,2,1,0,1,3,1,1,3,8,1,2,0,9,0,7,3,0,0,0,0,10,0,1,0,0,5,0,0,53,0,16,1,9,4,0,0,14,8,0,3,1,3
2024-08-24,2024,34,274,0,0,25,4,18,0,1,0,0,41,2,1,0,3,2,2,0,3,9,5,2,0,12,0,8,1,0,1,0,0,12,1,2,0,0,3,0,2,55,0,24,0,8,2,0,0,14,5,0,2,1,3
2024-08-31,2024,35,262,1,0,26,5,20,0,0,0,1,38,3,2,0,3,1,2,0,0,1,3,0,0,10,0,15,2,0,1,0,0,7,1,0,0,0,1,1,2,63,0,3,1,11,5,0,0,19,7,0,0,3,2
2024-09-07,2024,36,223,0,1,14,7,15,1,2,1,0,55,0,2,0,1,0,1,2,0,3,3,0,0,9,0,9,1,0,0,0,0,12,0,0,0,0,2,0,4,43,0,2,0,8,1,0,0,15,6,0,1,1,1
2024-09-14,2024,37,319,0,2,24,2,25,0,2,0,1,79,3,1,0,6,4,2,0,0,1,0,3,0,16,0,19,3,2,0,0,0,21,0,2,0,0,4,1,3,54,0,2,1,6,1,0,0,24,5,0,0,0,0
2024-09-21,2024,38,293,0,3,18,3,17,0,0,0,0,44,5,1,1,7,6,0,2,2,4,1,5,0,11,0,16,1,0,1,0,0,27,0,3,0,0,3,5,2,83,0,1,2,2,1,0,0,4,6,0,0,0,6
2024-09-28,2024,39,223,0,0,14,0,26,3,0,0,2,46,2,1,0,4,3,1,1,1,4,3,1,0,9,0,7,4,1,1,1,0,8,0,5,0,1,1,5,1,45,0,2,0,5,1,0,0,4,6,0,1,0,3
2024-10-05,2024,40,287,0,1,40,3,30,3,4,0,0,53,1,0,0,2,4,1,0,0,5,0,1,0,12,0,10,0,0,0,1,0,17,1,7,0,0,0,0,0,61,0,1,0,4,2,0,0,6,10,0,1,2,3
2024-10-12,2024,41,261,2,1,4,0,30,0,0,0,0,17,0,1,3,1,3,0,0,0,0,0,0,0,2,0,0,1,0,0,0,0,0,2,0,77,1,1,0,3,1,0,0,1,2,79,0,0,19,7,0,0,0,3
2024-10-19,2024,42,548,6,1,14,2,70,2,5,0,0,135,5,1,6,5,3,1,1,2,13,0,2,0,6,88,4,2,2,0,5,0,0,2,5,48,0,11,0,4,5,0,8,1,8,46,1,1,15,1,0,7,0,4
2024-10-26,2024,43,1070,9,3,187,1,130,14,6,0,0,113,8,2,1,12,3,4,3,4,23,0,0,0,4,0,0,8,0,1,5,0,2,15,7,47,0,229,4,6,63,0,8,2,31,63,5,0,10,4,0,7,7,10
2024-11-02,2024,44,1440,13,7,117,5,89,25,10,0,1,101,14,3,6,27,14,5,10,7,27,0,4,3,14,3,15,13,0,1,9,4,28,2,15,14,2,532,3,6,97,2,11,0,43,95,2,0,16,2,0,5,0,12
2024-11-09,2024,45,2516,32,5,288,11,142,20,4,4,3,347,40,7,8,34,29,4,7,16,84,1,8,29,45,29,23,30,0,4,23,14,30,16,55,27,0,532,13,22,141,3,21,2,79,182,7,0,26,13,5,11,8,29
2024-11-16,2024,46,2886,44,7,357,13,303,29,5,6,1,324,39,15,12,25,26,4,11,17,83,0,12,16,54,26,24,29,4,6,40,11,36,18,59,37,1,579,12,26,111,0,13,0,91,213,10,3,25,22,3,5,5,71
2024-11-23,2024,47,3406,50,5,498,6,435,28,4,11,6,399,44,7,28,70,32,3,15,17,76,0,18,44,56,16,16,38,1,3,42,11,3,22,93,31,3,629,12,41,129,2,12,0,47,256,19,0,27,29,5,18,8,38
2024-11-30,2024,48,4099,65,0,587,12,653,64,10,13,5,535,53,14,21,81,40,3,15,22,137,2,19,63,50,35,28,39,2,10,56,14,67,49,140,42,1,54,40,36,114,6,18,5,58,386,20,3,39,41,3,12,4,300
2024-12-07,2024,49,5924,102,14,880,18,918,89,13,15,2,660,83,20,68,98,64,13,33,45,153,3,28,81,76,58,39,52,2,9,68,16,109,94,264,64,2,84,31,79,173,8,39,1,102,493,64,0,62,57,12,27,5,434
